ID,NAME,X,Y,CATEGORY
0,Aeropuerto Andrés Sabella,-70.43967275919223,-23.446137657801437,0
1,Terminal de Buses Cardenal Carlos Oviedo Cavada,-70.38934506836867,-23.615212004990713,0
2,Plaza Colón,-70.39866135678969,-23.64468174120261,0
3,Mina El Peñón,-69.49416165561068,-24.400699536935438,1
4,Mina Pampa Augusta Victoria,-69.42042645272056,-24.150258631580463,1
5,Mina Escondida,-69.03747187817541,-24.293752608965708,1
